{
  "text|Mac": {
    "alpha": 0.16740436892997912,
    "beta": 1.194569967385391,
    "R2": 0.9998569641984201
  },
  "text|A100": {
    "alpha": 4.329908788261346,
    "beta": 0.9585564372460764,
    "R2": 0.9995359979444961
  },
  "text|H100": {
    "alpha": 2.6603823798444233,
    "beta": 1.0327444558273489,
    "R2": 0.9999898344897636
  },
  "image_sd15|Mac": {
    "alpha": 15.840306880304277,
    "beta": 0.9491191283974781,
    "R2": 1.0
  },
  "image_sd15|A100": {
    "alpha": 20.051608284332342,
    "beta": 0.8261888355766863,
    "R2": 1.0
  },
  "image_sd15|H100": {
    "alpha": 9.0293628288123,
    "beta": 0.9499197368583706,
    "R2": 0.9997361880510798
  },
  "video|Mac": {
    "alpha": 66.96429734221267,
    "beta": 0.9936917867389835,
    "R2": 0.990360553890597
  },
  "video|A100": {
    "alpha": 522.3484416572537,
    "beta": 0.13898410849401843,
    "R2": 0.041394640654646486
  },
  "video|H100": {
    "alpha": 88.17760044499948,
    "beta": 0.6649186028026202,
    "R2": 0.9949845640928364
  },
  "music|Mac": {
    "alpha": 4.842816073861656,
    "beta": 0.5006102500481258,
    "R2": 0.7851582526038157
  },
  "music|A100": {
    "alpha": 60.10877561183626,
    "beta": 0.44828680181636615,
    "R2": 0.8066139482184682
  },
  "crossover|text|Mac_vs_A100": {
    "crossover_N": 967663.718509833
  },
  "crossover|text|Mac_vs_H100": {
    "crossover_N": 26464848.486340955
  },
  "crossover|text|A100_vs_H100": {
    "crossover_N": 710.1207187908244
  },
  "crossover|image_sd15|Mac_vs_A100": {
    "crossover_N": 6.805741238704779
  },
  "crossover|image_sd15|Mac_vs_H100": {
    "crossover_N": 7.965396178782392e+304
  },
  "crossover|image_sd15|A100_vs_H100": {
    "crossover_N": 631.4928086682056
  },
  "crossover|video|Mac_vs_A100": {
    "crossover_N": 11.060341643484156
  },
  "crossover|video|Mac_vs_H100": {
    "crossover_N": 2.309500014209254
  },
  "crossover|video|A100_vs_H100": {
    "crossover_N": 29.444764845759636
  },
  "crossover|music|Mac_vs_A100": {
    "crossover_N": 8.041706919654716e+20
  }
}