{
  "text_Mac M4 Pro": {
    "alpha": 0.1674043687758758,
    "beta": 1.1945699675359247,
    "r2": 0.9998569641984201
  },
  "text_A100": {
    "alpha": 4.329908765931713,
    "beta": 0.9585564381009295,
    "r2": 0.9995359979444961
  },
  "image_pixels_Mac M4 Pro": {
    "alpha": 7.536943213902469e-06,
    "beta": 1.3946135040106034,
    "r2": 0.9997748964514745
  },
  "image_pixels_A100": {
    "alpha": 2.2493539430019127,
    "beta": 0.3741653409232981,
    "r2": 0.9973743246546813
  },
  "video_frames_Mac M4 Pro": {
    "alpha": 59.19767489027017,
    "beta": 1.0652901909557977,
    "r2": 0.9999730682996155
  },
  "video_frames_A100": {
    "alpha": 155.19164937160167,
    "beta": 0.5696958944079553,
    "r2": 0.989178355696813
  }
}